Grilled Turkey Cutlet,https://udel.campusdish.com/LocationsAndMenus/CaesarRodneyFreshFoodCompany?locationId=1760&storeIds=&mode=Daily&periodId=1383&date=10%2F1%2F2021,2021-10-01 15:04:27.862904
Roasted Garlic Potatoes,https://udel.campusdish.com/LocationsAndMenus/CaesarRodneyFreshFoodCompany?locationId=1760&storeIds=&mode=Daily&periodId=1383&date=10%2F1%2F2021,2021-10-01 15:04:27.862904
Steamed Mixed Vegetables,https://udel.campusdish.com/LocationsAndMenus/CaesarRodneyFreshFoodCompany?locationId=1760&storeIds=&mode=Daily&periodId=1383&date=10%2F1%2F2021,2021-10-01 15:04:27.862904
Cucumber Tomato Salad,https://udel.campusdish.com/LocationsAndMenus/CaesarRodneyFreshFoodCompany?locationId=1760&storeIds=&mode=Daily&periodId=1383&date=10%2F1%2F2021,2021-10-01 15:04:27.862904
Belgian Waffle,https://udel.campusdish.com/LocationsAndMenus/CaesarRodneyFreshFoodCompany?locationId=1760&storeIds=&mode=Daily&periodId=1383&date=10%2F1%2F2021,2021-10-01 15:04:27.862904
Blueberry Blondie,https://udel.campusdish.com/LocationsAndMenus/CaesarRodneyFreshFoodCompany?locationId=1760&storeIds=&mode=Daily&periodId=1383&date=10%2F1%2F2021,2021-10-01 15:04:27.862904
Cherry-Blueberry Crisp,https://udel.campusdish.com/LocationsAndMenus/CaesarRodneyFreshFoodCompany?locationId=1760&storeIds=&mode=Daily&periodId=1383&date=10%2F1%2F2021,2021-10-01 15:04:27.862904
Oatmeal Raisin Cookie,https://udel.campusdish.com/LocationsAndMenus/CaesarRodneyFreshFoodCompany?locationId=1760&storeIds=&mode=Daily&periodId=1383&date=10%2F1%2F2021,2021-10-01 15:04:27.862904
Vegan Snickerdoodle,https://udel.campusdish.com/LocationsAndMenus/CaesarRodneyFreshFoodCompany?locationId=1760&storeIds=&mode=Daily&periodId=1383&date=10%2F1%2F2021,2021-10-01 15:04:27.862904
Banana Cake Parfait,https://udel.campusdish.com/LocationsAndMenus/CaesarRodneyFreshFoodCompany?locationId=1760&storeIds=&mode=Daily&periodId=1383&date=10%2F1%2F2021,2021-10-01 15:04:27.862904
BBQ Chik'n Cheddar Panini,https://udel.campusdish.com/LocationsAndMenus/CaesarRodneyFreshFoodCompany?locationId=1760&storeIds=&mode=Daily&periodId=1383&date=10%2F1%2F2021,2021-10-01 15:04:27.862904
Herbed White Bean & Potato Salad,https://udel.campusdish.com/LocationsAndMenus/CaesarRodneyFreshFoodCompany?locationId=1760&storeIds=&mode=Daily&periodId=1383&date=10%2F1%2F2021,2021-10-01 15:04:27.862904
Hummus,https://udel.campusdish.com/LocationsAndMenus/CaesarRodneyFreshFoodCompany?locationId=1760&storeIds=&mode=Daily&periodId=1383&date=10%2F1%2F2021,2021-10-01 15:04:27.862904
Philly Cheesesteak Wrap,https://udel.campusdish.com/LocationsAndMenus/CaesarRodneyFreshFoodCompany?locationId=1760&storeIds=&mode=Daily&periodId=1383&date=10%2F1%2F2021,2021-10-01 15:04:27.862904
Crispy Shoestring French Fries,https://udel.campusdish.com/LocationsAndMenus/CaesarRodneyFreshFoodCompany?locationId=1760&storeIds=&mode=Daily&periodId=1383&date=10%2F1%2F2021,2021-10-01 15:04:27.862904
Penne,https://udel.campusdish.com/LocationsAndMenus/CaesarRodneyFreshFoodCompany?locationId=1760&storeIds=&mode=Daily&periodId=1383&date=10%2F1%2F2021,2021-10-01 15:04:27.862904
Ginger Tofu,https://udel.campusdish.com/LocationsAndMenus/CaesarRodneyFreshFoodCompany?locationId=1760&storeIds=&mode=Daily&periodId=1383&date=10%2F1%2F2021,2021-10-01 15:04:27.862904
Balsamic Glazed Roasted Carrots,https://udel.campusdish.com/LocationsAndMenus/CaesarRodneyFreshFoodCompany?locationId=1760&storeIds=&mode=Daily&periodId=1383&date=10%2F1%2F2021,2021-10-01 15:04:27.862904
Cold Roasted Mushrooms,https://udel.campusdish.com/LocationsAndMenus/CaesarRodneyFreshFoodCompany?locationId=1760&storeIds=&mode=Daily&periodId=1383&date=10%2F1%2F2021,2021-10-01 15:04:27.862904
Indian-Spiced Cauliflower,https://udel.campusdish.com/LocationsAndMenus/CaesarRodneyFreshFoodCompany?locationId=1760&storeIds=&mode=Daily&periodId=1383&date=10%2F1%2F2021,2021-10-01 15:04:27.862904
Maple-Glazed Acorn Squash,https://udel.campusdish.com/LocationsAndMenus/CaesarRodneyFreshFoodCompany?locationId=1760&storeIds=&mode=Daily&periodId=1383&date=10%2F1%2F2021,2021-10-01 15:04:27.862904
Marinated Olives,https://udel.campusdish.com/LocationsAndMenus/CaesarRodneyFreshFoodCompany?locationId=1760&storeIds=&mode=Daily&periodId=1383&date=10%2F1%2F2021,2021-10-01 15:04:27.862904
Roasted Beets,https://udel.campusdish.com/LocationsAndMenus/CaesarRodneyFreshFoodCompany?locationId=1760&storeIds=&mode=Daily&periodId=1383&date=10%2F1%2F2021,2021-10-01 15:04:27.862904
Roasted Grape Tomatoes,https://udel.campusdish.com/LocationsAndMenus/CaesarRodneyFreshFoodCompany?locationId=1760&storeIds=&mode=Daily&periodId=1383&date=10%2F1%2F2021,2021-10-01 15:04:27.862904
Caesar Brussels Sprouts,https://udel.campusdish.com/LocationsAndMenus/CaesarRodneyFreshFoodCompany?locationId=1760&storeIds=&mode=Daily&periodId=1383&date=10%2F1%2F2021,2021-10-01 15:04:27.862904
Broccoli Raisin Salad,https://udel.campusdish.com/LocationsAndMenus/CaesarRodneyFreshFoodCompany?locationId=1760&storeIds=&mode=Daily&periodId=1383&date=10%2F1%2F2021,2021-10-01 15:04:27.862904
Four Bean Salad,https://udel.campusdish.com/LocationsAndMenus/CaesarRodneyFreshFoodCompany?locationId=1760&storeIds=&mode=Daily&periodId=1383&date=10%2F1%2F2021,2021-10-01 15:04:27.862904
Marinated Artichoke Hearts,https://udel.campusdish.com/LocationsAndMenus/CaesarRodneyFreshFoodCompany?locationId=1760&storeIds=&mode=Daily&periodId=1383&date=10%2F1%2F2021,2021-10-01 15:04:27.862904
Mediterranean Salad Mix,https://udel.campusdish.com/LocationsAndMenus/CaesarRodneyFreshFoodCompany?locationId=1760&storeIds=&mode=Daily&periodId=1383&date=10%2F1%2F2021,2021-10-01 15:04:27.862904
Bacon Pieces,https://udel.campusdish.com/LocationsAndMenus/CaesarRodneyFreshFoodCompany?locationId=1760&storeIds=&mode=Daily&periodId=1383&date=10%2F1%2F2021,2021-10-01 15:04:27.862904
Feta Cheese Crumbles,https://udel.campusdish.com/LocationsAndMenus/CaesarRodneyFreshFoodCompany?locationId=1760&storeIds=&mode=Daily&periodId=1383&date=10%2F1%2F2021,2021-10-01 15:04:27.862904
Shredded Cheddar Cheese,https://udel.campusdish.com/LocationsAndMenus/CaesarRodneyFreshFoodCompany?locationId=1760&storeIds=&mode=Daily&periodId=1383&date=10%2F1%2F2021,2021-10-01 15:04:27.862904
Sliced Grilled Chicken,https://udel.campusdish.com/LocationsAndMenus/CaesarRodneyFreshFoodCompany?locationId=1760&storeIds=&mode=Daily&periodId=1383&date=10%2F1%2F2021,2021-10-01 15:04:27.862904
Sunflower Seeds,https://udel.campusdish.com/LocationsAndMenus/CaesarRodneyFreshFoodCompany?locationId=1760&storeIds=&mode=Daily&periodId=1383&date=10%2F1%2F2021,2021-10-01 15:04:27.862904
Chow Mein Noodles,https://udel.campusdish.com/LocationsAndMenus/CaesarRodneyFreshFoodCompany?locationId=1760&storeIds=&mode=Daily&periodId=1383&date=10%2F1%2F2021,2021-10-01 15:04:27.862904
Crispy Wonton Straws,https://udel.campusdish.com/LocationsAndMenus/CaesarRodneyFreshFoodCompany?locationId=1760&storeIds=&mode=Daily&periodId=1383&date=10%2F1%2F2021,2021-10-01 15:04:27.862904
Quinoa,https://udel.campusdish.com/LocationsAndMenus/CaesarRodneyFreshFoodCompany?locationId=1760&storeIds=&mode=Daily&periodId=1383&date=10%2F1%2F2021,2021-10-01 15:04:27.862904
Banana Peppers,https://udel.campusdish.com/LocationsAndMenus/CaesarRodneyFreshFoodCompany?locationId=1760&storeIds=&mode=Daily&periodId=1383&date=10%2F1%2F2021,2021-10-01 15:04:27.862904
Cucumbers,https://udel.campusdish.com/LocationsAndMenus/CaesarRodneyFreshFoodCompany?locationId=1760&storeIds=&mode=Daily&periodId=1383&date=10%2F1%2F2021,2021-10-01 15:04:27.862904
Dried Cranberries,https://udel.campusdish.com/LocationsAndMenus/CaesarRodneyFreshFoodCompany?locationId=1760&storeIds=&mode=Daily&periodId=1383&date=10%2F1%2F2021,2021-10-01 15:04:27.862904
Edamame,https://udel.campusdish.com/LocationsAndMenus/CaesarRodneyFreshFoodCompany?locationId=1760&storeIds=&mode=Daily&periodId=1383&date=10%2F1%2F2021,2021-10-01 15:04:27.862904
"
Fresh Baby Arugula	",https://udel.campusdish.com/LocationsAndMenus/CaesarRodneyFreshFoodCompany?locationId=1760&storeIds=&mode=Daily&periodId=1383&date=10%2F1%2F2021,2021-10-01 15:04:27.862904
Kale Greens Mix,https://udel.campusdish.com/LocationsAndMenus/CaesarRodneyFreshFoodCompany?locationId=1760&storeIds=&mode=Daily&periodId=1383&date=10%2F1%2F2021,2021-10-01 15:04:27.862904
Roasted Corn,https://udel.campusdish.com/LocationsAndMenus/CaesarRodneyFreshFoodCompany?locationId=1760&storeIds=&mode=Daily&periodId=1383&date=10%2F1%2F2021,2021-10-01 15:04:27.862904
Balsamic Vinaigrette,https://udel.campusdish.com/LocationsAndMenus/CaesarRodneyFreshFoodCompany?locationId=1760&storeIds=&mode=Daily&periodId=1383&date=10%2F1%2F2021,2021-10-01 15:04:27.862904
Creamy Caesar Dressing,https://udel.campusdish.com/LocationsAndMenus/CaesarRodneyFreshFoodCompany?locationId=1760&storeIds=&mode=Daily&periodId=1383&date=10%2F1%2F2021,2021-10-01 15:04:27.862904
Fat-Free French Dressing,https://udel.campusdish.com/LocationsAndMenus/CaesarRodneyFreshFoodCompany?locationId=1760&storeIds=&mode=Daily&periodId=1383&date=10%2F1%2F2021,2021-10-01 15:04:27.862904
Ranch Dressing,https://udel.campusdish.com/LocationsAndMenus/CaesarRodneyFreshFoodCompany?locationId=1760&storeIds=&mode=Daily&periodId=1383&date=10%2F1%2F2021,2021-10-01 15:04:27.862904
Honey Balsamic Glaze,https://udel.campusdish.com/LocationsAndMenus/CaesarRodneyFreshFoodCompany?locationId=1760&storeIds=&mode=Daily&periodId=1383&date=10%2F1%2F2021,2021-10-01 15:04:27.862904
Coconut & Ginger Dressing,https://udel.campusdish.com/LocationsAndMenus/CaesarRodneyFreshFoodCompany?locationId=1760&storeIds=&mode=Daily&periodId=1383&date=10%2F1%2F2021,2021-10-01 15:04:27.862904
Sun-Dried Tomato Vinaigrette,https://udel.campusdish.com/LocationsAndMenus/CaesarRodneyFreshFoodCompany?locationId=1760&storeIds=&mode=Daily&periodId=1383&date=10%2F1%2F2021,2021-10-01 15:04:27.862904
Asian Chicken Petite Ciabatta,https://udel.campusdish.com/LocationsAndMenus/CaesarRodneyFreshFoodCompany?locationId=1760&storeIds=&mode=Daily&periodId=1383&date=10%2F1%2F2021,2021-10-01 15:04:27.862904
Grilled Zucchini Squash,https://udel.campusdish.com/LocationsAndMenus/CaesarRodneyFreshFoodCompany?locationId=1760&storeIds=&mode=Daily&periodId=1383&date=10%2F1%2F2021,2021-10-01 15:04:27.862904
Penne,https://udel.campusdish.com/LocationsAndMenus/CaesarRodneyFreshFoodCompany?locationId=1760&storeIds=&mode=Daily&periodId=1383&date=10%2F1%2F2021,2021-10-01 15:04:27.862904
Grilled Zucchini Squash,https://udel.campusdish.com/LocationsAndMenus/CaesarRodneyFreshFoodCompany?locationId=1760&storeIds=&mode=Daily&periodId=1383&date=10%2F1%2F2021,2021-10-01 15:04:27.862904
Garbanzo Bean Salad,https://udel.campusdish.com/LocationsAndMenus/CaesarRodneyFreshFoodCompany?locationId=1760&storeIds=&mode=Daily&periodId=1383&date=10%2F1%2F2021,2021-10-01 15:04:27.862904
Marinated Green Beans & Tomato,https://udel.campusdish.com/LocationsAndMenus/CaesarRodneyFreshFoodCompany?locationId=1760&storeIds=&mode=Daily&periodId=1383&date=10%2F1%2F2021,2021-10-01 15:04:27.862904
Citrus Water,https://udel.campusdish.com/LocationsAndMenus/CaesarRodneyFreshFoodCompany?locationId=1760&storeIds=&mode=Daily&periodId=1383&date=10%2F1%2F2021,2021-10-01 15:04:27.862904
Tropical Iced Tea,https://udel.campusdish.com/LocationsAndMenus/CaesarRodneyFreshFoodCompany?locationId=1760&storeIds=&mode=Daily&periodId=1383&date=10%2F1%2F2021,2021-10-01 15:04:27.862904
Chopped Hard-Cooked Egg,https://udel.campusdish.com/LocationsAndMenus/CaesarRodneyFreshFoodCompany?locationId=1760&storeIds=&mode=Daily&periodId=1383&date=10%2F1%2F2021,2021-10-01 15:04:27.862904
Cottage Cheese,https://udel.campusdish.com/LocationsAndMenus/CaesarRodneyFreshFoodCompany?locationId=1760&storeIds=&mode=Daily&periodId=1383&date=10%2F1%2F2021,2021-10-01 15:04:27.862904
Diced Chicken,https://udel.campusdish.com/LocationsAndMenus/CaesarRodneyFreshFoodCompany?locationId=1760&storeIds=&mode=Daily&periodId=1383&date=10%2F1%2F2021,2021-10-01 15:04:27.862904
Feta Cheese Crumbles,https://udel.campusdish.com/LocationsAndMenus/CaesarRodneyFreshFoodCompany?locationId=1760&storeIds=&mode=Daily&periodId=1383&date=10%2F1%2F2021,2021-10-01 15:04:27.862904
Nonfat Greek Yogurt,https://udel.campusdish.com/LocationsAndMenus/CaesarRodneyFreshFoodCompany?locationId=1760&storeIds=&mode=Daily&periodId=1383&date=10%2F1%2F2021,2021-10-01 15:04:27.862904
Nonfat Strawberry Yogurt,https://udel.campusdish.com/LocationsAndMenus/CaesarRodneyFreshFoodCompany?locationId=1760&storeIds=&mode=Daily&periodId=1383&date=10%2F1%2F2021,2021-10-01 15:04:27.862904
Shredded Cheddar Cheese,https://udel.campusdish.com/LocationsAndMenus/CaesarRodneyFreshFoodCompany?locationId=1760&storeIds=&mode=Daily&periodId=1383&date=10%2F1%2F2021,2021-10-01 15:04:27.862904
Bulgur Wheat,https://udel.campusdish.com/LocationsAndMenus/CaesarRodneyFreshFoodCompany?locationId=1760&storeIds=&mode=Daily&periodId=1383&date=10%2F1%2F2021,2021-10-01 15:04:27.862904
Granola,https://udel.campusdish.com/LocationsAndMenus/CaesarRodneyFreshFoodCompany?locationId=1760&storeIds=&mode=Daily&periodId=1383&date=10%2F1%2F2021,2021-10-01 15:04:27.862904
Applesauce,https://udel.campusdish.com/LocationsAndMenus/CaesarRodneyFreshFoodCompany?locationId=1760&storeIds=&mode=Daily&periodId=1383&date=10%2F1%2F2021,2021-10-01 15:04:27.862904
Black Olives,https://udel.campusdish.com/LocationsAndMenus/CaesarRodneyFreshFoodCompany?locationId=1760&storeIds=&mode=Daily&periodId=1383&date=10%2F1%2F2021,2021-10-01 15:04:27.862904
"
Blueberries	",https://udel.campusdish.com/LocationsAndMenus/CaesarRodneyFreshFoodCompany?locationId=1760&storeIds=&mode=Daily&periodId=1383&date=10%2F1%2F2021,2021-10-01 15:04:27.862904
Broccoli Florets,https://udel.campusdish.com/LocationsAndMenus/CaesarRodneyFreshFoodCompany?locationId=1760&storeIds=&mode=Daily&periodId=1383&date=10%2F1%2F2021,2021-10-01 15:04:27.862904
Cantaloupe,https://udel.campusdish.com/LocationsAndMenus/CaesarRodneyFreshFoodCompany?locationId=1760&storeIds=&mode=Daily&periodId=1383&date=10%2F1%2F2021,2021-10-01 15:04:27.862904
Cauliflower Florets,https://udel.campusdish.com/LocationsAndMenus/CaesarRodneyFreshFoodCompany?locationId=1760&storeIds=&mode=Daily&periodId=1383&date=10%2F1%2F2021,2021-10-01 15:04:27.862904
Chopped Fresh Spinach,https://udel.campusdish.com/LocationsAndMenus/CaesarRodneyFreshFoodCompany?locationId=1760&storeIds=&mode=Daily&periodId=1383&date=10%2F1%2F2021,2021-10-01 15:04:27.862904
Cucumbers,https://udel.campusdish.com/LocationsAndMenus/CaesarRodneyFreshFoodCompany?locationId=1760&storeIds=&mode=Daily&periodId=1383&date=10%2F1%2F2021,2021-10-01 15:04:27.862904
Dried Cranberries,https://udel.campusdish.com/LocationsAndMenus/CaesarRodneyFreshFoodCompany?locationId=1760&storeIds=&mode=Daily&periodId=1383&date=10%2F1%2F2021,2021-10-01 15:04:27.862904
Garbanzo Beans,https://udel.campusdish.com/LocationsAndMenus/CaesarRodneyFreshFoodCompany?locationId=1760&storeIds=&mode=Daily&periodId=1383&date=10%2F1%2F2021,2021-10-01 15:04:27.862904
Grape Tomatoes,https://udel.campusdish.com/LocationsAndMenus/CaesarRodneyFreshFoodCompany?locationId=1760&storeIds=&mode=Daily&periodId=1383&date=10%2F1%2F2021,2021-10-01 15:04:27.862904
Green Peas,https://udel.campusdish.com/LocationsAndMenus/CaesarRodneyFreshFoodCompany?locationId=1760&storeIds=&mode=Daily&periodId=1383&date=10%2F1%2F2021,2021-10-01 15:04:27.862904
Honeydew Melon,https://udel.campusdish.com/LocationsAndMenus/CaesarRodneyFreshFoodCompany?locationId=1760&storeIds=&mode=Daily&periodId=1383&date=10%2F1%2F2021,2021-10-01 15:04:27.862904
Pineapple Chunks,https://udel.campusdish.com/LocationsAndMenus/CaesarRodneyFreshFoodCompany?locationId=1760&storeIds=&mode=Daily&periodId=1383&date=10%2F1%2F2021,2021-10-01 15:04:27.862904
"
Pineapple Slices	",https://udel.campusdish.com/LocationsAndMenus/CaesarRodneyFreshFoodCompany?locationId=1760&storeIds=&mode=Daily&periodId=1383&date=10%2F1%2F2021,2021-10-01 15:04:27.862904
Raisins,https://udel.campusdish.com/LocationsAndMenus/CaesarRodneyFreshFoodCompany?locationId=1760&storeIds=&mode=Daily&periodId=1383&date=10%2F1%2F2021,2021-10-01 15:04:27.862904
Red Grapes,https://udel.campusdish.com/LocationsAndMenus/CaesarRodneyFreshFoodCompany?locationId=1760&storeIds=&mode=Daily&periodId=1383&date=10%2F1%2F2021,2021-10-01 15:04:27.862904
Romaine Lettuce,https://udel.campusdish.com/LocationsAndMenus/CaesarRodneyFreshFoodCompany?locationId=1760&storeIds=&mode=Daily&periodId=1383&date=10%2F1%2F2021,2021-10-01 15:04:27.862904
Shredded Carrots,https://udel.campusdish.com/LocationsAndMenus/CaesarRodneyFreshFoodCompany?locationId=1760&storeIds=&mode=Daily&periodId=1383&date=10%2F1%2F2021,2021-10-01 15:04:27.862904
Sliced Beets,https://udel.campusdish.com/LocationsAndMenus/CaesarRodneyFreshFoodCompany?locationId=1760&storeIds=&mode=Daily&periodId=1383&date=10%2F1%2F2021,2021-10-01 15:04:27.862904
Sliced Mixed Bell Peppers,https://udel.campusdish.com/LocationsAndMenus/CaesarRodneyFreshFoodCompany?locationId=1760&storeIds=&mode=Daily&periodId=1383&date=10%2F1%2F2021,2021-10-01 15:04:27.862904
Sliced Mushrooms,https://udel.campusdish.com/LocationsAndMenus/CaesarRodneyFreshFoodCompany?locationId=1760&storeIds=&mode=Daily&periodId=1383&date=10%2F1%2F2021,2021-10-01 15:04:27.862904
Sliced Red Onions,https://udel.campusdish.com/LocationsAndMenus/CaesarRodneyFreshFoodCompany?locationId=1760&storeIds=&mode=Daily&periodId=1383&date=10%2F1%2F2021,2021-10-01 15:04:27.862904
Spring Salad Mix,https://udel.campusdish.com/LocationsAndMenus/CaesarRodneyFreshFoodCompany?locationId=1760&storeIds=&mode=Daily&periodId=1383&date=10%2F1%2F2021,2021-10-01 15:04:27.862904
"
Chocolate Chips	",https://udel.campusdish.com/LocationsAndMenus/CaesarRodneyFreshFoodCompany?locationId=1760&storeIds=&mode=Daily&periodId=1383&date=10%2F1%2F2021,2021-10-01 15:04:27.862904
Balsamic Vinaigrette,https://udel.campusdish.com/LocationsAndMenus/CaesarRodneyFreshFoodCompany?locationId=1760&storeIds=&mode=Daily&periodId=1383&date=10%2F1%2F2021,2021-10-01 15:04:27.862904
Creamy Caesar Dressing,https://udel.campusdish.com/LocationsAndMenus/CaesarRodneyFreshFoodCompany?locationId=1760&storeIds=&mode=Daily&periodId=1383&date=10%2F1%2F2021,2021-10-01 15:04:27.862904
Fat-Free French Dressing,https://udel.campusdish.com/LocationsAndMenus/CaesarRodneyFreshFoodCompany?locationId=1760&storeIds=&mode=Daily&periodId=1383&date=10%2F1%2F2021,2021-10-01 15:04:27.862904
Honey Mustard Dressing,https://udel.campusdish.com/LocationsAndMenus/CaesarRodneyFreshFoodCompany?locationId=1760&storeIds=&mode=Daily&periodId=1383&date=10%2F1%2F2021,2021-10-01 15:04:27.862904
Ranch Dressing,https://udel.campusdish.com/LocationsAndMenus/CaesarRodneyFreshFoodCompany?locationId=1760&storeIds=&mode=Daily&periodId=1383&date=10%2F1%2F2021,2021-10-01 15:04:27.862904
Vegan Thousand Island Dressing,https://udel.campusdish.com/LocationsAndMenus/CaesarRodneyFreshFoodCompany?locationId=1760&storeIds=&mode=Daily&periodId=1383&date=10%2F1%2F2021,2021-10-01 15:04:27.862904
Baked Penne with Meatballs,https://udel.campusdish.com/LocationsAndMenus/CaesarRodneyFreshFoodCompany?locationId=1760&storeIds=&mode=Daily&periodId=1383&date=10%2F1%2F2021,2021-10-01 15:04:27.862904
Cauliflower Crust Cheeseburger Pizza,https://udel.campusdish.com/LocationsAndMenus/CaesarRodneyFreshFoodCompany?locationId=1760&storeIds=&mode=Daily&periodId=1383&date=10%2F1%2F2021,2021-10-01 15:04:27.862904
Classic Cheese Pizza,https://udel.campusdish.com/LocationsAndMenus/CaesarRodneyFreshFoodCompany?locationId=1760&storeIds=&mode=Daily&periodId=1383&date=10%2F1%2F2021,2021-10-01 15:04:27.862904
Fresh Garden Salad,https://udel.campusdish.com/LocationsAndMenus/CaesarRodneyFreshFoodCompany?locationId=1760&storeIds=&mode=Daily&periodId=1383&date=10%2F1%2F2021,2021-10-01 15:04:27.862904
Beef Teriyaki,https://udel.campusdish.com/LocationsAndMenus/CaesarRodneyFreshFoodCompany?locationId=1760&storeIds=&mode=Daily&periodId=1383&date=10%2F1%2F2021,2021-10-01 15:04:27.862904
White Rice,https://udel.campusdish.com/LocationsAndMenus/CaesarRodneyFreshFoodCompany?locationId=1760&storeIds=&mode=Daily&periodId=1383&date=10%2F1%2F2021,2021-10-01 15:04:27.862904
Fortune Cookie,https://udel.campusdish.com/LocationsAndMenus/CaesarRodneyFreshFoodCompany?locationId=1760&storeIds=&mode=Daily&periodId=1383&date=10%2F1%2F2021,2021-10-01 15:04:27.862904
Penne,https://udel.campusdish.com/LocationsAndMenus/CaesarRodneyFreshFoodCompany?locationId=1760&storeIds=&mode=Daily&periodId=1383&date=10%2F1%2F2021,2021-10-01 15:04:27.862904
Ranch Panko Crusted Chicken Breast,https://udel.campusdish.com/LocationsAndMenus/CaesarRodneyFreshFoodCompany?locationId=1760&storeIds=&mode=Daily&periodId=1383&date=10%2F1%2F2021,2021-10-01 15:04:27.862904
Capri Blend Vegetables,https://udel.campusdish.com/LocationsAndMenus/CaesarRodneyFreshFoodCompany?locationId=1760&storeIds=&mode=Daily&periodId=1383&date=10%2F1%2F2021,2021-10-01 15:04:27.862904
Broccoli Rabe with Garlic,https://udel.campusdish.com/LocationsAndMenus/CaesarRodneyFreshFoodCompany?locationId=1760&storeIds=&mode=Daily&periodId=1383&date=10%2F1%2F2021,2021-10-01 15:04:27.862904
Minestrone Soup,https://udel.campusdish.com/LocationsAndMenus/CaesarRodneyFreshFoodCompany?locationId=1760&storeIds=&mode=Daily&periodId=1383&date=10%2F1%2F2021,2021-10-01 15:04:27.862904
Broccoli Cheddar Soup,https://udel.campusdish.com/LocationsAndMenus/CaesarRodneyFreshFoodCompany?locationId=1760&storeIds=&mode=Daily&periodId=1383&date=10%2F1%2F2021,2021-10-01 15:04:27.862904
Spaghetti Sauce,https://udel.campusdish.com/LocationsAndMenus/CaesarRodneyFreshFoodCompany?locationId=1760&storeIds=&mode=Daily&periodId=1383&date=10%2F1%2F2021,2021-10-01 15:04:27.862904
Grilled Portobello Sandwich,https://udel.campusdish.com/LocationsAndMenus/CaesarRodneyFreshFoodCompany?locationId=1760&storeIds=&mode=Daily&periodId=1383&date=10%2F1%2F2021,2021-10-01 15:04:27.862904
Brown Lentil Dal,https://udel.campusdish.com/LocationsAndMenus/CaesarRodneyFreshFoodCompany?locationId=1760&storeIds=&mode=Daily&periodId=1383&date=10%2F1%2F2021,2021-10-01 15:04:27.862904
Yellow Basmati Rice,https://udel.campusdish.com/LocationsAndMenus/CaesarRodneyFreshFoodCompany?locationId=1760&storeIds=&mode=Daily&periodId=1383&date=10%2F1%2F2021,2021-10-01 15:04:27.862904
Steamed Summer Vegetable Blend,https://udel.campusdish.com/LocationsAndMenus/CaesarRodneyFreshFoodCompany?locationId=1760&storeIds=&mode=Daily&periodId=1383&date=10%2F1%2F2021,2021-10-01 15:04:27.862904
Deli Sandwich Made to Order,https://udel.campusdish.com/LocationsAndMenus/CaesarRodneyFreshFoodCompany?locationId=1760&storeIds=&mode=Daily&periodId=1383&date=10%2F1%2F2021,2021-10-01 15:04:27.862904
American Cheese,https://udel.campusdish.com/LocationsAndMenus/CaesarRodneyFreshFoodCompany?locationId=1760&storeIds=&mode=Daily&periodId=1383&date=10%2F1%2F2021,2021-10-01 15:04:27.862904
"
Corned Beef	",https://udel.campusdish.com/LocationsAndMenus/CaesarRodneyFreshFoodCompany?locationId=1760&storeIds=&mode=Daily&periodId=1383&date=10%2F1%2F2021,2021-10-01 15:04:27.862904
Ham,https://udel.campusdish.com/LocationsAndMenus/CaesarRodneyFreshFoodCompany?locationId=1760&storeIds=&mode=Daily&periodId=1383&date=10%2F1%2F2021,2021-10-01 15:04:27.862904
Provolone Cheese,https://udel.campusdish.com/LocationsAndMenus/CaesarRodneyFreshFoodCompany?locationId=1760&storeIds=&mode=Daily&periodId=1383&date=10%2F1%2F2021,2021-10-01 15:04:27.862904
Smoked Turkey Breast,https://udel.campusdish.com/LocationsAndMenus/CaesarRodneyFreshFoodCompany?locationId=1760&storeIds=&mode=Daily&periodId=1383&date=10%2F1%2F2021,2021-10-01 15:04:27.862904
Fruited Almond Chicken Salad,https://udel.campusdish.com/LocationsAndMenus/CaesarRodneyFreshFoodCompany?locationId=1760&storeIds=&mode=Daily&periodId=1383&date=10%2F1%2F2021,2021-10-01 15:04:27.862904
Green Leaf Lettuce,https://udel.campusdish.com/LocationsAndMenus/CaesarRodneyFreshFoodCompany?locationId=1760&storeIds=&mode=Daily&periodId=1383&date=10%2F1%2F2021,2021-10-01 15:04:27.862904
Red Grapes,https://udel.campusdish.com/LocationsAndMenus/CaesarRodneyFreshFoodCompany?locationId=1760&storeIds=&mode=Daily&periodId=1383&date=10%2F1%2F2021,2021-10-01 15:04:27.862904
Sliced Onions,https://udel.campusdish.com/LocationsAndMenus/CaesarRodneyFreshFoodCompany?locationId=1760&storeIds=&mode=Daily&periodId=1383&date=10%2F1%2F2021,2021-10-01 15:04:27.862904
Sliced Tomatoes,https://udel.campusdish.com/LocationsAndMenus/CaesarRodneyFreshFoodCompany?locationId=1760&storeIds=&mode=Daily&periodId=1383&date=10%2F1%2F2021,2021-10-01 15:04:27.862904
Dill Pickle Slices,https://udel.campusdish.com/LocationsAndMenus/CaesarRodneyFreshFoodCompany?locationId=1760&storeIds=&mode=Daily&periodId=1383&date=10%2F1%2F2021,2021-10-01 15:04:27.862904
Honey Mustard Dressing,https://udel.campusdish.com/LocationsAndMenus/CaesarRodneyFreshFoodCompany?locationId=1760&storeIds=&mode=Daily&periodId=1383&date=10%2F1%2F2021,2021-10-01 15:04:27.862904
Mayonnaise,https://udel.campusdish.com/LocationsAndMenus/CaesarRodneyFreshFoodCompany?locationId=1760&storeIds=&mode=Daily&periodId=1383&date=10%2F1%2F2021,2021-10-01 15:04:27.862904
Grilled Turkey Cutlet,https://udel.campusdish.com/LocationsAndMenus/CaesarRodneyFreshFoodCompany?locationId=14812&storeIds=&mode=Daily&periodId=1383&date=10%2F1%2F2021,2021-10-01 15:04:30.793924
Roasted Garlic Potatoes,https://udel.campusdish.com/LocationsAndMenus/CaesarRodneyFreshFoodCompany?locationId=14812&storeIds=&mode=Daily&periodId=1383&date=10%2F1%2F2021,2021-10-01 15:04:30.793924
Steamed Mixed Vegetables,https://udel.campusdish.com/LocationsAndMenus/CaesarRodneyFreshFoodCompany?locationId=14812&storeIds=&mode=Daily&periodId=1383&date=10%2F1%2F2021,2021-10-01 15:04:30.793924
Cucumber Tomato Salad,https://udel.campusdish.com/LocationsAndMenus/CaesarRodneyFreshFoodCompany?locationId=14812&storeIds=&mode=Daily&periodId=1383&date=10%2F1%2F2021,2021-10-01 15:04:30.793924
Belgian Waffle,https://udel.campusdish.com/LocationsAndMenus/CaesarRodneyFreshFoodCompany?locationId=14812&storeIds=&mode=Daily&periodId=1383&date=10%2F1%2F2021,2021-10-01 15:04:30.793924
Blueberry Blondie,https://udel.campusdish.com/LocationsAndMenus/CaesarRodneyFreshFoodCompany?locationId=14812&storeIds=&mode=Daily&periodId=1383&date=10%2F1%2F2021,2021-10-01 15:04:30.793924
Cherry-Blueberry Crisp,https://udel.campusdish.com/LocationsAndMenus/CaesarRodneyFreshFoodCompany?locationId=14812&storeIds=&mode=Daily&periodId=1383&date=10%2F1%2F2021,2021-10-01 15:04:30.793924
Oatmeal Raisin Cookie,https://udel.campusdish.com/LocationsAndMenus/CaesarRodneyFreshFoodCompany?locationId=14812&storeIds=&mode=Daily&periodId=1383&date=10%2F1%2F2021,2021-10-01 15:04:30.793924
Vegan Snickerdoodle,https://udel.campusdish.com/LocationsAndMenus/CaesarRodneyFreshFoodCompany?locationId=14812&storeIds=&mode=Daily&periodId=1383&date=10%2F1%2F2021,2021-10-01 15:04:30.793924
Banana Cake Parfait,https://udel.campusdish.com/LocationsAndMenus/CaesarRodneyFreshFoodCompany?locationId=14812&storeIds=&mode=Daily&periodId=1383&date=10%2F1%2F2021,2021-10-01 15:04:30.793924
BBQ Chik'n Cheddar Panini,https://udel.campusdish.com/LocationsAndMenus/CaesarRodneyFreshFoodCompany?locationId=14812&storeIds=&mode=Daily&periodId=1383&date=10%2F1%2F2021,2021-10-01 15:04:30.793924
Herbed White Bean & Potato Salad,https://udel.campusdish.com/LocationsAndMenus/CaesarRodneyFreshFoodCompany?locationId=14812&storeIds=&mode=Daily&periodId=1383&date=10%2F1%2F2021,2021-10-01 15:04:30.793924
Hummus,https://udel.campusdish.com/LocationsAndMenus/CaesarRodneyFreshFoodCompany?locationId=14812&storeIds=&mode=Daily&periodId=1383&date=10%2F1%2F2021,2021-10-01 15:04:30.793924
Philly Cheesesteak Wrap,https://udel.campusdish.com/LocationsAndMenus/CaesarRodneyFreshFoodCompany?locationId=14812&storeIds=&mode=Daily&periodId=1383&date=10%2F1%2F2021,2021-10-01 15:04:30.793924
Crispy Shoestring French Fries,https://udel.campusdish.com/LocationsAndMenus/CaesarRodneyFreshFoodCompany?locationId=14812&storeIds=&mode=Daily&periodId=1383&date=10%2F1%2F2021,2021-10-01 15:04:30.793924
Penne,https://udel.campusdish.com/LocationsAndMenus/CaesarRodneyFreshFoodCompany?locationId=14812&storeIds=&mode=Daily&periodId=1383&date=10%2F1%2F2021,2021-10-01 15:04:30.793924
Ginger Tofu,https://udel.campusdish.com/LocationsAndMenus/CaesarRodneyFreshFoodCompany?locationId=14812&storeIds=&mode=Daily&periodId=1383&date=10%2F1%2F2021,2021-10-01 15:04:30.793924
Balsamic Glazed Roasted Carrots,https://udel.campusdish.com/LocationsAndMenus/CaesarRodneyFreshFoodCompany?locationId=14812&storeIds=&mode=Daily&periodId=1383&date=10%2F1%2F2021,2021-10-01 15:04:30.793924
Cold Roasted Mushrooms,https://udel.campusdish.com/LocationsAndMenus/CaesarRodneyFreshFoodCompany?locationId=14812&storeIds=&mode=Daily&periodId=1383&date=10%2F1%2F2021,2021-10-01 15:04:30.793924
Indian-Spiced Cauliflower,https://udel.campusdish.com/LocationsAndMenus/CaesarRodneyFreshFoodCompany?locationId=14812&storeIds=&mode=Daily&periodId=1383&date=10%2F1%2F2021,2021-10-01 15:04:30.793924
Maple-Glazed Acorn Squash,https://udel.campusdish.com/LocationsAndMenus/CaesarRodneyFreshFoodCompany?locationId=14812&storeIds=&mode=Daily&periodId=1383&date=10%2F1%2F2021,2021-10-01 15:04:30.793924
Marinated Olives,https://udel.campusdish.com/LocationsAndMenus/CaesarRodneyFreshFoodCompany?locationId=14812&storeIds=&mode=Daily&periodId=1383&date=10%2F1%2F2021,2021-10-01 15:04:30.793924
Roasted Beets,https://udel.campusdish.com/LocationsAndMenus/CaesarRodneyFreshFoodCompany?locationId=14812&storeIds=&mode=Daily&periodId=1383&date=10%2F1%2F2021,2021-10-01 15:04:30.793924
Roasted Grape Tomatoes,https://udel.campusdish.com/LocationsAndMenus/CaesarRodneyFreshFoodCompany?locationId=14812&storeIds=&mode=Daily&periodId=1383&date=10%2F1%2F2021,2021-10-01 15:04:30.793924
Caesar Brussels Sprouts,https://udel.campusdish.com/LocationsAndMenus/CaesarRodneyFreshFoodCompany?locationId=14812&storeIds=&mode=Daily&periodId=1383&date=10%2F1%2F2021,2021-10-01 15:04:30.793924
Broccoli Raisin Salad,https://udel.campusdish.com/LocationsAndMenus/CaesarRodneyFreshFoodCompany?locationId=14812&storeIds=&mode=Daily&periodId=1383&date=10%2F1%2F2021,2021-10-01 15:04:30.793924
Four Bean Salad,https://udel.campusdish.com/LocationsAndMenus/CaesarRodneyFreshFoodCompany?locationId=14812&storeIds=&mode=Daily&periodId=1383&date=10%2F1%2F2021,2021-10-01 15:04:30.793924
Marinated Artichoke Hearts,https://udel.campusdish.com/LocationsAndMenus/CaesarRodneyFreshFoodCompany?locationId=14812&storeIds=&mode=Daily&periodId=1383&date=10%2F1%2F2021,2021-10-01 15:04:30.793924
Mediterranean Salad Mix,https://udel.campusdish.com/LocationsAndMenus/CaesarRodneyFreshFoodCompany?locationId=14812&storeIds=&mode=Daily&periodId=1383&date=10%2F1%2F2021,2021-10-01 15:04:30.793924
Bacon Pieces,https://udel.campusdish.com/LocationsAndMenus/CaesarRodneyFreshFoodCompany?locationId=14812&storeIds=&mode=Daily&periodId=1383&date=10%2F1%2F2021,2021-10-01 15:04:30.793924
Feta Cheese Crumbles,https://udel.campusdish.com/LocationsAndMenus/CaesarRodneyFreshFoodCompany?locationId=14812&storeIds=&mode=Daily&periodId=1383&date=10%2F1%2F2021,2021-10-01 15:04:30.793924
Shredded Cheddar Cheese,https://udel.campusdish.com/LocationsAndMenus/CaesarRodneyFreshFoodCompany?locationId=14812&storeIds=&mode=Daily&periodId=1383&date=10%2F1%2F2021,2021-10-01 15:04:30.793924
Sliced Grilled Chicken,https://udel.campusdish.com/LocationsAndMenus/CaesarRodneyFreshFoodCompany?locationId=14812&storeIds=&mode=Daily&periodId=1383&date=10%2F1%2F2021,2021-10-01 15:04:30.793924
Sunflower Seeds,https://udel.campusdish.com/LocationsAndMenus/CaesarRodneyFreshFoodCompany?locationId=14812&storeIds=&mode=Daily&periodId=1383&date=10%2F1%2F2021,2021-10-01 15:04:30.793924
Chow Mein Noodles,https://udel.campusdish.com/LocationsAndMenus/CaesarRodneyFreshFoodCompany?locationId=14812&storeIds=&mode=Daily&periodId=1383&date=10%2F1%2F2021,2021-10-01 15:04:30.793924
Crispy Wonton Straws,https://udel.campusdish.com/LocationsAndMenus/CaesarRodneyFreshFoodCompany?locationId=14812&storeIds=&mode=Daily&periodId=1383&date=10%2F1%2F2021,2021-10-01 15:04:30.793924
Quinoa,https://udel.campusdish.com/LocationsAndMenus/CaesarRodneyFreshFoodCompany?locationId=14812&storeIds=&mode=Daily&periodId=1383&date=10%2F1%2F2021,2021-10-01 15:04:30.793924
Banana Peppers,https://udel.campusdish.com/LocationsAndMenus/CaesarRodneyFreshFoodCompany?locationId=14812&storeIds=&mode=Daily&periodId=1383&date=10%2F1%2F2021,2021-10-01 15:04:30.793924
Cucumbers,https://udel.campusdish.com/LocationsAndMenus/CaesarRodneyFreshFoodCompany?locationId=14812&storeIds=&mode=Daily&periodId=1383&date=10%2F1%2F2021,2021-10-01 15:04:30.793924
Dried Cranberries,https://udel.campusdish.com/LocationsAndMenus/CaesarRodneyFreshFoodCompany?locationId=14812&storeIds=&mode=Daily&periodId=1383&date=10%2F1%2F2021,2021-10-01 15:04:30.793924
Edamame,https://udel.campusdish.com/LocationsAndMenus/CaesarRodneyFreshFoodCompany?locationId=14812&storeIds=&mode=Daily&periodId=1383&date=10%2F1%2F2021,2021-10-01 15:04:30.793924
"
Fresh Baby Arugula	",https://udel.campusdish.com/LocationsAndMenus/CaesarRodneyFreshFoodCompany?locationId=14812&storeIds=&mode=Daily&periodId=1383&date=10%2F1%2F2021,2021-10-01 15:04:30.793924
Kale Greens Mix,https://udel.campusdish.com/LocationsAndMenus/CaesarRodneyFreshFoodCompany?locationId=14812&storeIds=&mode=Daily&periodId=1383&date=10%2F1%2F2021,2021-10-01 15:04:30.793924
Roasted Corn,https://udel.campusdish.com/LocationsAndMenus/CaesarRodneyFreshFoodCompany?locationId=14812&storeIds=&mode=Daily&periodId=1383&date=10%2F1%2F2021,2021-10-01 15:04:30.793924
Balsamic Vinaigrette,https://udel.campusdish.com/LocationsAndMenus/CaesarRodneyFreshFoodCompany?locationId=14812&storeIds=&mode=Daily&periodId=1383&date=10%2F1%2F2021,2021-10-01 15:04:30.793924
Creamy Caesar Dressing,https://udel.campusdish.com/LocationsAndMenus/CaesarRodneyFreshFoodCompany?locationId=14812&storeIds=&mode=Daily&periodId=1383&date=10%2F1%2F2021,2021-10-01 15:04:30.793924
Fat-Free French Dressing,https://udel.campusdish.com/LocationsAndMenus/CaesarRodneyFreshFoodCompany?locationId=14812&storeIds=&mode=Daily&periodId=1383&date=10%2F1%2F2021,2021-10-01 15:04:30.793924
Ranch Dressing,https://udel.campusdish.com/LocationsAndMenus/CaesarRodneyFreshFoodCompany?locationId=14812&storeIds=&mode=Daily&periodId=1383&date=10%2F1%2F2021,2021-10-01 15:04:30.793924
Honey Balsamic Glaze,https://udel.campusdish.com/LocationsAndMenus/CaesarRodneyFreshFoodCompany?locationId=14812&storeIds=&mode=Daily&periodId=1383&date=10%2F1%2F2021,2021-10-01 15:04:30.793924
Coconut & Ginger Dressing,https://udel.campusdish.com/LocationsAndMenus/CaesarRodneyFreshFoodCompany?locationId=14812&storeIds=&mode=Daily&periodId=1383&date=10%2F1%2F2021,2021-10-01 15:04:30.793924
Sun-Dried Tomato Vinaigrette,https://udel.campusdish.com/LocationsAndMenus/CaesarRodneyFreshFoodCompany?locationId=14812&storeIds=&mode=Daily&periodId=1383&date=10%2F1%2F2021,2021-10-01 15:04:30.793924
Asian Chicken Petite Ciabatta,https://udel.campusdish.com/LocationsAndMenus/CaesarRodneyFreshFoodCompany?locationId=14812&storeIds=&mode=Daily&periodId=1383&date=10%2F1%2F2021,2021-10-01 15:04:30.793924
Grilled Zucchini Squash,https://udel.campusdish.com/LocationsAndMenus/CaesarRodneyFreshFoodCompany?locationId=14812&storeIds=&mode=Daily&periodId=1383&date=10%2F1%2F2021,2021-10-01 15:04:30.793924
Penne,https://udel.campusdish.com/LocationsAndMenus/CaesarRodneyFreshFoodCompany?locationId=14812&storeIds=&mode=Daily&periodId=1383&date=10%2F1%2F2021,2021-10-01 15:04:30.793924
Grilled Zucchini Squash,https://udel.campusdish.com/LocationsAndMenus/CaesarRodneyFreshFoodCompany?locationId=14812&storeIds=&mode=Daily&periodId=1383&date=10%2F1%2F2021,2021-10-01 15:04:30.793924
Garbanzo Bean Salad,https://udel.campusdish.com/LocationsAndMenus/CaesarRodneyFreshFoodCompany?locationId=14812&storeIds=&mode=Daily&periodId=1383&date=10%2F1%2F2021,2021-10-01 15:04:30.793924
Marinated Green Beans & Tomato,https://udel.campusdish.com/LocationsAndMenus/CaesarRodneyFreshFoodCompany?locationId=14812&storeIds=&mode=Daily&periodId=1383&date=10%2F1%2F2021,2021-10-01 15:04:30.793924
Citrus Water,https://udel.campusdish.com/LocationsAndMenus/CaesarRodneyFreshFoodCompany?locationId=14812&storeIds=&mode=Daily&periodId=1383&date=10%2F1%2F2021,2021-10-01 15:04:30.793924
Tropical Iced Tea,https://udel.campusdish.com/LocationsAndMenus/CaesarRodneyFreshFoodCompany?locationId=14812&storeIds=&mode=Daily&periodId=1383&date=10%2F1%2F2021,2021-10-01 15:04:30.793924
Chopped Hard-Cooked Egg,https://udel.campusdish.com/LocationsAndMenus/CaesarRodneyFreshFoodCompany?locationId=14812&storeIds=&mode=Daily&periodId=1383&date=10%2F1%2F2021,2021-10-01 15:04:30.793924
Cottage Cheese,https://udel.campusdish.com/LocationsAndMenus/CaesarRodneyFreshFoodCompany?locationId=14812&storeIds=&mode=Daily&periodId=1383&date=10%2F1%2F2021,2021-10-01 15:04:30.793924
Diced Chicken,https://udel.campusdish.com/LocationsAndMenus/CaesarRodneyFreshFoodCompany?locationId=14812&storeIds=&mode=Daily&periodId=1383&date=10%2F1%2F2021,2021-10-01 15:04:30.793924
Feta Cheese Crumbles,https://udel.campusdish.com/LocationsAndMenus/CaesarRodneyFreshFoodCompany?locationId=14812&storeIds=&mode=Daily&periodId=1383&date=10%2F1%2F2021,2021-10-01 15:04:30.793924
Nonfat Greek Yogurt,https://udel.campusdish.com/LocationsAndMenus/CaesarRodneyFreshFoodCompany?locationId=14812&storeIds=&mode=Daily&periodId=1383&date=10%2F1%2F2021,2021-10-01 15:04:30.793924
Nonfat Strawberry Yogurt,https://udel.campusdish.com/LocationsAndMenus/CaesarRodneyFreshFoodCompany?locationId=14812&storeIds=&mode=Daily&periodId=1383&date=10%2F1%2F2021,2021-10-01 15:04:30.793924
Shredded Cheddar Cheese,https://udel.campusdish.com/LocationsAndMenus/CaesarRodneyFreshFoodCompany?locationId=14812&storeIds=&mode=Daily&periodId=1383&date=10%2F1%2F2021,2021-10-01 15:04:30.793924
Bulgur Wheat,https://udel.campusdish.com/LocationsAndMenus/CaesarRodneyFreshFoodCompany?locationId=14812&storeIds=&mode=Daily&periodId=1383&date=10%2F1%2F2021,2021-10-01 15:04:30.793924
Granola,https://udel.campusdish.com/LocationsAndMenus/CaesarRodneyFreshFoodCompany?locationId=14812&storeIds=&mode=Daily&periodId=1383&date=10%2F1%2F2021,2021-10-01 15:04:30.793924
Applesauce,https://udel.campusdish.com/LocationsAndMenus/CaesarRodneyFreshFoodCompany?locationId=14812&storeIds=&mode=Daily&periodId=1383&date=10%2F1%2F2021,2021-10-01 15:04:30.793924
Black Olives,https://udel.campusdish.com/LocationsAndMenus/CaesarRodneyFreshFoodCompany?locationId=14812&storeIds=&mode=Daily&periodId=1383&date=10%2F1%2F2021,2021-10-01 15:04:30.793924
"
Blueberries	",https://udel.campusdish.com/LocationsAndMenus/CaesarRodneyFreshFoodCompany?locationId=14812&storeIds=&mode=Daily&periodId=1383&date=10%2F1%2F2021,2021-10-01 15:04:30.793924
Broccoli Florets,https://udel.campusdish.com/LocationsAndMenus/CaesarRodneyFreshFoodCompany?locationId=14812&storeIds=&mode=Daily&periodId=1383&date=10%2F1%2F2021,2021-10-01 15:04:30.793924
Cantaloupe,https://udel.campusdish.com/LocationsAndMenus/CaesarRodneyFreshFoodCompany?locationId=14812&storeIds=&mode=Daily&periodId=1383&date=10%2F1%2F2021,2021-10-01 15:04:30.793924
Cauliflower Florets,https://udel.campusdish.com/LocationsAndMenus/CaesarRodneyFreshFoodCompany?locationId=14812&storeIds=&mode=Daily&periodId=1383&date=10%2F1%2F2021,2021-10-01 15:04:30.793924
Chopped Fresh Spinach,https://udel.campusdish.com/LocationsAndMenus/CaesarRodneyFreshFoodCompany?locationId=14812&storeIds=&mode=Daily&periodId=1383&date=10%2F1%2F2021,2021-10-01 15:04:30.793924
Cucumbers,https://udel.campusdish.com/LocationsAndMenus/CaesarRodneyFreshFoodCompany?locationId=14812&storeIds=&mode=Daily&periodId=1383&date=10%2F1%2F2021,2021-10-01 15:04:30.793924
Dried Cranberries,https://udel.campusdish.com/LocationsAndMenus/CaesarRodneyFreshFoodCompany?locationId=14812&storeIds=&mode=Daily&periodId=1383&date=10%2F1%2F2021,2021-10-01 15:04:30.793924
Garbanzo Beans,https://udel.campusdish.com/LocationsAndMenus/CaesarRodneyFreshFoodCompany?locationId=14812&storeIds=&mode=Daily&periodId=1383&date=10%2F1%2F2021,2021-10-01 15:04:30.793924
Grape Tomatoes,https://udel.campusdish.com/LocationsAndMenus/CaesarRodneyFreshFoodCompany?locationId=14812&storeIds=&mode=Daily&periodId=1383&date=10%2F1%2F2021,2021-10-01 15:04:30.793924
Green Peas,https://udel.campusdish.com/LocationsAndMenus/CaesarRodneyFreshFoodCompany?locationId=14812&storeIds=&mode=Daily&periodId=1383&date=10%2F1%2F2021,2021-10-01 15:04:30.793924
Honeydew Melon,https://udel.campusdish.com/LocationsAndMenus/CaesarRodneyFreshFoodCompany?locationId=14812&storeIds=&mode=Daily&periodId=1383&date=10%2F1%2F2021,2021-10-01 15:04:30.793924
Pineapple Chunks,https://udel.campusdish.com/LocationsAndMenus/CaesarRodneyFreshFoodCompany?locationId=14812&storeIds=&mode=Daily&periodId=1383&date=10%2F1%2F2021,2021-10-01 15:04:30.793924
"
Pineapple Slices	",https://udel.campusdish.com/LocationsAndMenus/CaesarRodneyFreshFoodCompany?locationId=14812&storeIds=&mode=Daily&periodId=1383&date=10%2F1%2F2021,2021-10-01 15:04:30.793924
Raisins,https://udel.campusdish.com/LocationsAndMenus/CaesarRodneyFreshFoodCompany?locationId=14812&storeIds=&mode=Daily&periodId=1383&date=10%2F1%2F2021,2021-10-01 15:04:30.793924
Red Grapes,https://udel.campusdish.com/LocationsAndMenus/CaesarRodneyFreshFoodCompany?locationId=14812&storeIds=&mode=Daily&periodId=1383&date=10%2F1%2F2021,2021-10-01 15:04:30.793924
Romaine Lettuce,https://udel.campusdish.com/LocationsAndMenus/CaesarRodneyFreshFoodCompany?locationId=14812&storeIds=&mode=Daily&periodId=1383&date=10%2F1%2F2021,2021-10-01 15:04:30.793924
Shredded Carrots,https://udel.campusdish.com/LocationsAndMenus/CaesarRodneyFreshFoodCompany?locationId=14812&storeIds=&mode=Daily&periodId=1383&date=10%2F1%2F2021,2021-10-01 15:04:30.793924
Sliced Beets,https://udel.campusdish.com/LocationsAndMenus/CaesarRodneyFreshFoodCompany?locationId=14812&storeIds=&mode=Daily&periodId=1383&date=10%2F1%2F2021,2021-10-01 15:04:30.793924
Sliced Mixed Bell Peppers,https://udel.campusdish.com/LocationsAndMenus/CaesarRodneyFreshFoodCompany?locationId=14812&storeIds=&mode=Daily&periodId=1383&date=10%2F1%2F2021,2021-10-01 15:04:30.793924
Sliced Mushrooms,https://udel.campusdish.com/LocationsAndMenus/CaesarRodneyFreshFoodCompany?locationId=14812&storeIds=&mode=Daily&periodId=1383&date=10%2F1%2F2021,2021-10-01 15:04:30.793924
Sliced Red Onions,https://udel.campusdish.com/LocationsAndMenus/CaesarRodneyFreshFoodCompany?locationId=14812&storeIds=&mode=Daily&periodId=1383&date=10%2F1%2F2021,2021-10-01 15:04:30.793924
Spring Salad Mix,https://udel.campusdish.com/LocationsAndMenus/CaesarRodneyFreshFoodCompany?locationId=14812&storeIds=&mode=Daily&periodId=1383&date=10%2F1%2F2021,2021-10-01 15:04:30.793924
"
Chocolate Chips	",https://udel.campusdish.com/LocationsAndMenus/CaesarRodneyFreshFoodCompany?locationId=14812&storeIds=&mode=Daily&periodId=1383&date=10%2F1%2F2021,2021-10-01 15:04:30.793924
Balsamic Vinaigrette,https://udel.campusdish.com/LocationsAndMenus/CaesarRodneyFreshFoodCompany?locationId=14812&storeIds=&mode=Daily&periodId=1383&date=10%2F1%2F2021,2021-10-01 15:04:30.793924
Creamy Caesar Dressing,https://udel.campusdish.com/LocationsAndMenus/CaesarRodneyFreshFoodCompany?locationId=14812&storeIds=&mode=Daily&periodId=1383&date=10%2F1%2F2021,2021-10-01 15:04:30.793924
Fat-Free French Dressing,https://udel.campusdish.com/LocationsAndMenus/CaesarRodneyFreshFoodCompany?locationId=14812&storeIds=&mode=Daily&periodId=1383&date=10%2F1%2F2021,2021-10-01 15:04:30.793924
Honey Mustard Dressing,https://udel.campusdish.com/LocationsAndMenus/CaesarRodneyFreshFoodCompany?locationId=14812&storeIds=&mode=Daily&periodId=1383&date=10%2F1%2F2021,2021-10-01 15:04:30.793924
Ranch Dressing,https://udel.campusdish.com/LocationsAndMenus/CaesarRodneyFreshFoodCompany?locationId=14812&storeIds=&mode=Daily&periodId=1383&date=10%2F1%2F2021,2021-10-01 15:04:30.793924
Vegan Thousand Island Dressing,https://udel.campusdish.com/LocationsAndMenus/CaesarRodneyFreshFoodCompany?locationId=14812&storeIds=&mode=Daily&periodId=1383&date=10%2F1%2F2021,2021-10-01 15:04:30.793924
Baked Penne with Meatballs,https://udel.campusdish.com/LocationsAndMenus/CaesarRodneyFreshFoodCompany?locationId=14812&storeIds=&mode=Daily&periodId=1383&date=10%2F1%2F2021,2021-10-01 15:04:30.793924
Cauliflower Crust Cheeseburger Pizza,https://udel.campusdish.com/LocationsAndMenus/CaesarRodneyFreshFoodCompany?locationId=14812&storeIds=&mode=Daily&periodId=1383&date=10%2F1%2F2021,2021-10-01 15:04:30.793924
Classic Cheese Pizza,https://udel.campusdish.com/LocationsAndMenus/CaesarRodneyFreshFoodCompany?locationId=14812&storeIds=&mode=Daily&periodId=1383&date=10%2F1%2F2021,2021-10-01 15:04:30.793924
Fresh Garden Salad,https://udel.campusdish.com/LocationsAndMenus/CaesarRodneyFreshFoodCompany?locationId=14812&storeIds=&mode=Daily&periodId=1383&date=10%2F1%2F2021,2021-10-01 15:04:30.793924
Beef Teriyaki,https://udel.campusdish.com/LocationsAndMenus/CaesarRodneyFreshFoodCompany?locationId=14812&storeIds=&mode=Daily&periodId=1383&date=10%2F1%2F2021,2021-10-01 15:04:30.793924
White Rice,https://udel.campusdish.com/LocationsAndMenus/CaesarRodneyFreshFoodCompany?locationId=14812&storeIds=&mode=Daily&periodId=1383&date=10%2F1%2F2021,2021-10-01 15:04:30.793924
Fortune Cookie,https://udel.campusdish.com/LocationsAndMenus/CaesarRodneyFreshFoodCompany?locationId=14812&storeIds=&mode=Daily&periodId=1383&date=10%2F1%2F2021,2021-10-01 15:04:30.793924
Penne,https://udel.campusdish.com/LocationsAndMenus/CaesarRodneyFreshFoodCompany?locationId=14812&storeIds=&mode=Daily&periodId=1383&date=10%2F1%2F2021,2021-10-01 15:04:30.793924
Ranch Panko Crusted Chicken Breast,https://udel.campusdish.com/LocationsAndMenus/CaesarRodneyFreshFoodCompany?locationId=14812&storeIds=&mode=Daily&periodId=1383&date=10%2F1%2F2021,2021-10-01 15:04:30.793924
Capri Blend Vegetables,https://udel.campusdish.com/LocationsAndMenus/CaesarRodneyFreshFoodCompany?locationId=14812&storeIds=&mode=Daily&periodId=1383&date=10%2F1%2F2021,2021-10-01 15:04:30.793924
Broccoli Rabe with Garlic,https://udel.campusdish.com/LocationsAndMenus/CaesarRodneyFreshFoodCompany?locationId=14812&storeIds=&mode=Daily&periodId=1383&date=10%2F1%2F2021,2021-10-01 15:04:30.793924
Minestrone Soup,https://udel.campusdish.com/LocationsAndMenus/CaesarRodneyFreshFoodCompany?locationId=14812&storeIds=&mode=Daily&periodId=1383&date=10%2F1%2F2021,2021-10-01 15:04:30.793924
Broccoli Cheddar Soup,https://udel.campusdish.com/LocationsAndMenus/CaesarRodneyFreshFoodCompany?locationId=14812&storeIds=&mode=Daily&periodId=1383&date=10%2F1%2F2021,2021-10-01 15:04:30.793924
Spaghetti Sauce,https://udel.campusdish.com/LocationsAndMenus/CaesarRodneyFreshFoodCompany?locationId=14812&storeIds=&mode=Daily&periodId=1383&date=10%2F1%2F2021,2021-10-01 15:04:30.793924
Grilled Portobello Sandwich,https://udel.campusdish.com/LocationsAndMenus/CaesarRodneyFreshFoodCompany?locationId=14812&storeIds=&mode=Daily&periodId=1383&date=10%2F1%2F2021,2021-10-01 15:04:30.793924
Brown Lentil Dal,https://udel.campusdish.com/LocationsAndMenus/CaesarRodneyFreshFoodCompany?locationId=14812&storeIds=&mode=Daily&periodId=1383&date=10%2F1%2F2021,2021-10-01 15:04:30.793924
Yellow Basmati Rice,https://udel.campusdish.com/LocationsAndMenus/CaesarRodneyFreshFoodCompany?locationId=14812&storeIds=&mode=Daily&periodId=1383&date=10%2F1%2F2021,2021-10-01 15:04:30.793924
Steamed Summer Vegetable Blend,https://udel.campusdish.com/LocationsAndMenus/CaesarRodneyFreshFoodCompany?locationId=14812&storeIds=&mode=Daily&periodId=1383&date=10%2F1%2F2021,2021-10-01 15:04:30.793924
Deli Sandwich Made to Order,https://udel.campusdish.com/LocationsAndMenus/CaesarRodneyFreshFoodCompany?locationId=14812&storeIds=&mode=Daily&periodId=1383&date=10%2F1%2F2021,2021-10-01 15:04:30.793924
American Cheese,https://udel.campusdish.com/LocationsAndMenus/CaesarRodneyFreshFoodCompany?locationId=14812&storeIds=&mode=Daily&periodId=1383&date=10%2F1%2F2021,2021-10-01 15:04:30.793924
"
Corned Beef	",https://udel.campusdish.com/LocationsAndMenus/CaesarRodneyFreshFoodCompany?locationId=14812&storeIds=&mode=Daily&periodId=1383&date=10%2F1%2F2021,2021-10-01 15:04:30.793924
Ham,https://udel.campusdish.com/LocationsAndMenus/CaesarRodneyFreshFoodCompany?locationId=14812&storeIds=&mode=Daily&periodId=1383&date=10%2F1%2F2021,2021-10-01 15:04:30.793924
Provolone Cheese,https://udel.campusdish.com/LocationsAndMenus/CaesarRodneyFreshFoodCompany?locationId=14812&storeIds=&mode=Daily&periodId=1383&date=10%2F1%2F2021,2021-10-01 15:04:30.793924
Smoked Turkey Breast,https://udel.campusdish.com/LocationsAndMenus/CaesarRodneyFreshFoodCompany?locationId=14812&storeIds=&mode=Daily&periodId=1383&date=10%2F1%2F2021,2021-10-01 15:04:30.793924
Fruited Almond Chicken Salad,https://udel.campusdish.com/LocationsAndMenus/CaesarRodneyFreshFoodCompany?locationId=14812&storeIds=&mode=Daily&periodId=1383&date=10%2F1%2F2021,2021-10-01 15:04:30.793924
Green Leaf Lettuce,https://udel.campusdish.com/LocationsAndMenus/CaesarRodneyFreshFoodCompany?locationId=14812&storeIds=&mode=Daily&periodId=1383&date=10%2F1%2F2021,2021-10-01 15:04:30.793924
Red Grapes,https://udel.campusdish.com/LocationsAndMenus/CaesarRodneyFreshFoodCompany?locationId=14812&storeIds=&mode=Daily&periodId=1383&date=10%2F1%2F2021,2021-10-01 15:04:30.793924
Sliced Onions,https://udel.campusdish.com/LocationsAndMenus/CaesarRodneyFreshFoodCompany?locationId=14812&storeIds=&mode=Daily&periodId=1383&date=10%2F1%2F2021,2021-10-01 15:04:30.793924
Sliced Tomatoes,https://udel.campusdish.com/LocationsAndMenus/CaesarRodneyFreshFoodCompany?locationId=14812&storeIds=&mode=Daily&periodId=1383&date=10%2F1%2F2021,2021-10-01 15:04:30.793924
Dill Pickle Slices,https://udel.campusdish.com/LocationsAndMenus/CaesarRodneyFreshFoodCompany?locationId=14812&storeIds=&mode=Daily&periodId=1383&date=10%2F1%2F2021,2021-10-01 15:04:30.793924
Honey Mustard Dressing,https://udel.campusdish.com/LocationsAndMenus/CaesarRodneyFreshFoodCompany?locationId=14812&storeIds=&mode=Daily&periodId=1383&date=10%2F1%2F2021,2021-10-01 15:04:30.793924
Mayonnaise,https://udel.campusdish.com/LocationsAndMenus/CaesarRodneyFreshFoodCompany?locationId=14812&storeIds=&mode=Daily&periodId=1383&date=10%2F1%2F2021,2021-10-01 15:04:30.793924
Grilled Turkey Cutlet,https://udel.campusdish.com/LocationsAndMenus/CaesarRodneyFreshFoodCompany?locationId=1729&storeIds=&mode=Daily&periodId=1383&date=10%2F1%2F2021,2021-10-01 15:04:33.245624
Roasted Garlic Potatoes,https://udel.campusdish.com/LocationsAndMenus/CaesarRodneyFreshFoodCompany?locationId=1729&storeIds=&mode=Daily&periodId=1383&date=10%2F1%2F2021,2021-10-01 15:04:33.245624
Steamed Mixed Vegetables,https://udel.campusdish.com/LocationsAndMenus/CaesarRodneyFreshFoodCompany?locationId=1729&storeIds=&mode=Daily&periodId=1383&date=10%2F1%2F2021,2021-10-01 15:04:33.245624
Cucumber Tomato Salad,https://udel.campusdish.com/LocationsAndMenus/CaesarRodneyFreshFoodCompany?locationId=1729&storeIds=&mode=Daily&periodId=1383&date=10%2F1%2F2021,2021-10-01 15:04:33.245624
Belgian Waffle,https://udel.campusdish.com/LocationsAndMenus/CaesarRodneyFreshFoodCompany?locationId=1729&storeIds=&mode=Daily&periodId=1383&date=10%2F1%2F2021,2021-10-01 15:04:33.245624
Blueberry Blondie,https://udel.campusdish.com/LocationsAndMenus/CaesarRodneyFreshFoodCompany?locationId=1729&storeIds=&mode=Daily&periodId=1383&date=10%2F1%2F2021,2021-10-01 15:04:33.245624
Cherry-Blueberry Crisp,https://udel.campusdish.com/LocationsAndMenus/CaesarRodneyFreshFoodCompany?locationId=1729&storeIds=&mode=Daily&periodId=1383&date=10%2F1%2F2021,2021-10-01 15:04:33.245624
Oatmeal Raisin Cookie,https://udel.campusdish.com/LocationsAndMenus/CaesarRodneyFreshFoodCompany?locationId=1729&storeIds=&mode=Daily&periodId=1383&date=10%2F1%2F2021,2021-10-01 15:04:33.245624
Vegan Snickerdoodle,https://udel.campusdish.com/LocationsAndMenus/CaesarRodneyFreshFoodCompany?locationId=1729&storeIds=&mode=Daily&periodId=1383&date=10%2F1%2F2021,2021-10-01 15:04:33.245624
Banana Cake Parfait,https://udel.campusdish.com/LocationsAndMenus/CaesarRodneyFreshFoodCompany?locationId=1729&storeIds=&mode=Daily&periodId=1383&date=10%2F1%2F2021,2021-10-01 15:04:33.245624
BBQ Chik'n Cheddar Panini,https://udel.campusdish.com/LocationsAndMenus/CaesarRodneyFreshFoodCompany?locationId=1729&storeIds=&mode=Daily&periodId=1383&date=10%2F1%2F2021,2021-10-01 15:04:33.245624
Herbed White Bean & Potato Salad,https://udel.campusdish.com/LocationsAndMenus/CaesarRodneyFreshFoodCompany?locationId=1729&storeIds=&mode=Daily&periodId=1383&date=10%2F1%2F2021,2021-10-01 15:04:33.245624
Hummus,https://udel.campusdish.com/LocationsAndMenus/CaesarRodneyFreshFoodCompany?locationId=1729&storeIds=&mode=Daily&periodId=1383&date=10%2F1%2F2021,2021-10-01 15:04:33.245624
Philly Cheesesteak Wrap,https://udel.campusdish.com/LocationsAndMenus/CaesarRodneyFreshFoodCompany?locationId=1729&storeIds=&mode=Daily&periodId=1383&date=10%2F1%2F2021,2021-10-01 15:04:33.245624
Crispy Shoestring French Fries,https://udel.campusdish.com/LocationsAndMenus/CaesarRodneyFreshFoodCompany?locationId=1729&storeIds=&mode=Daily&periodId=1383&date=10%2F1%2F2021,2021-10-01 15:04:33.245624
Penne,https://udel.campusdish.com/LocationsAndMenus/CaesarRodneyFreshFoodCompany?locationId=1729&storeIds=&mode=Daily&periodId=1383&date=10%2F1%2F2021,2021-10-01 15:04:33.245624
Ginger Tofu,https://udel.campusdish.com/LocationsAndMenus/CaesarRodneyFreshFoodCompany?locationId=1729&storeIds=&mode=Daily&periodId=1383&date=10%2F1%2F2021,2021-10-01 15:04:33.245624
Balsamic Glazed Roasted Carrots,https://udel.campusdish.com/LocationsAndMenus/CaesarRodneyFreshFoodCompany?locationId=1729&storeIds=&mode=Daily&periodId=1383&date=10%2F1%2F2021,2021-10-01 15:04:33.245624
Cold Roasted Mushrooms,https://udel.campusdish.com/LocationsAndMenus/CaesarRodneyFreshFoodCompany?locationId=1729&storeIds=&mode=Daily&periodId=1383&date=10%2F1%2F2021,2021-10-01 15:04:33.245624
Indian-Spiced Cauliflower,https://udel.campusdish.com/LocationsAndMenus/CaesarRodneyFreshFoodCompany?locationId=1729&storeIds=&mode=Daily&periodId=1383&date=10%2F1%2F2021,2021-10-01 15:04:33.245624
Maple-Glazed Acorn Squash,https://udel.campusdish.com/LocationsAndMenus/CaesarRodneyFreshFoodCompany?locationId=1729&storeIds=&mode=Daily&periodId=1383&date=10%2F1%2F2021,2021-10-01 15:04:33.245624
Marinated Olives,https://udel.campusdish.com/LocationsAndMenus/CaesarRodneyFreshFoodCompany?locationId=1729&storeIds=&mode=Daily&periodId=1383&date=10%2F1%2F2021,2021-10-01 15:04:33.245624
Roasted Beets,https://udel.campusdish.com/LocationsAndMenus/CaesarRodneyFreshFoodCompany?locationId=1729&storeIds=&mode=Daily&periodId=1383&date=10%2F1%2F2021,2021-10-01 15:04:33.245624
Roasted Grape Tomatoes,https://udel.campusdish.com/LocationsAndMenus/CaesarRodneyFreshFoodCompany?locationId=1729&storeIds=&mode=Daily&periodId=1383&date=10%2F1%2F2021,2021-10-01 15:04:33.245624
Caesar Brussels Sprouts,https://udel.campusdish.com/LocationsAndMenus/CaesarRodneyFreshFoodCompany?locationId=1729&storeIds=&mode=Daily&periodId=1383&date=10%2F1%2F2021,2021-10-01 15:04:33.245624
Broccoli Raisin Salad,https://udel.campusdish.com/LocationsAndMenus/CaesarRodneyFreshFoodCompany?locationId=1729&storeIds=&mode=Daily&periodId=1383&date=10%2F1%2F2021,2021-10-01 15:04:33.245624
Four Bean Salad,https://udel.campusdish.com/LocationsAndMenus/CaesarRodneyFreshFoodCompany?locationId=1729&storeIds=&mode=Daily&periodId=1383&date=10%2F1%2F2021,2021-10-01 15:04:33.245624
Marinated Artichoke Hearts,https://udel.campusdish.com/LocationsAndMenus/CaesarRodneyFreshFoodCompany?locationId=1729&storeIds=&mode=Daily&periodId=1383&date=10%2F1%2F2021,2021-10-01 15:04:33.245624
Mediterranean Salad Mix,https://udel.campusdish.com/LocationsAndMenus/CaesarRodneyFreshFoodCompany?locationId=1729&storeIds=&mode=Daily&periodId=1383&date=10%2F1%2F2021,2021-10-01 15:04:33.245624
Bacon Pieces,https://udel.campusdish.com/LocationsAndMenus/CaesarRodneyFreshFoodCompany?locationId=1729&storeIds=&mode=Daily&periodId=1383&date=10%2F1%2F2021,2021-10-01 15:04:33.245624
Feta Cheese Crumbles,https://udel.campusdish.com/LocationsAndMenus/CaesarRodneyFreshFoodCompany?locationId=1729&storeIds=&mode=Daily&periodId=1383&date=10%2F1%2F2021,2021-10-01 15:04:33.245624
Shredded Cheddar Cheese,https://udel.campusdish.com/LocationsAndMenus/CaesarRodneyFreshFoodCompany?locationId=1729&storeIds=&mode=Daily&periodId=1383&date=10%2F1%2F2021,2021-10-01 15:04:33.245624
Sliced Grilled Chicken,https://udel.campusdish.com/LocationsAndMenus/CaesarRodneyFreshFoodCompany?locationId=1729&storeIds=&mode=Daily&periodId=1383&date=10%2F1%2F2021,2021-10-01 15:04:33.245624
Sunflower Seeds,https://udel.campusdish.com/LocationsAndMenus/CaesarRodneyFreshFoodCompany?locationId=1729&storeIds=&mode=Daily&periodId=1383&date=10%2F1%2F2021,2021-10-01 15:04:33.245624
Chow Mein Noodles,https://udel.campusdish.com/LocationsAndMenus/CaesarRodneyFreshFoodCompany?locationId=1729&storeIds=&mode=Daily&periodId=1383&date=10%2F1%2F2021,2021-10-01 15:04:33.245624
Crispy Wonton Straws,https://udel.campusdish.com/LocationsAndMenus/CaesarRodneyFreshFoodCompany?locationId=1729&storeIds=&mode=Daily&periodId=1383&date=10%2F1%2F2021,2021-10-01 15:04:33.245624
Quinoa,https://udel.campusdish.com/LocationsAndMenus/CaesarRodneyFreshFoodCompany?locationId=1729&storeIds=&mode=Daily&periodId=1383&date=10%2F1%2F2021,2021-10-01 15:04:33.245624
Banana Peppers,https://udel.campusdish.com/LocationsAndMenus/CaesarRodneyFreshFoodCompany?locationId=1729&storeIds=&mode=Daily&periodId=1383&date=10%2F1%2F2021,2021-10-01 15:04:33.245624
Cucumbers,https://udel.campusdish.com/LocationsAndMenus/CaesarRodneyFreshFoodCompany?locationId=1729&storeIds=&mode=Daily&periodId=1383&date=10%2F1%2F2021,2021-10-01 15:04:33.245624
Dried Cranberries,https://udel.campusdish.com/LocationsAndMenus/CaesarRodneyFreshFoodCompany?locationId=1729&storeIds=&mode=Daily&periodId=1383&date=10%2F1%2F2021,2021-10-01 15:04:33.245624
Edamame,https://udel.campusdish.com/LocationsAndMenus/CaesarRodneyFreshFoodCompany?locationId=1729&storeIds=&mode=Daily&periodId=1383&date=10%2F1%2F2021,2021-10-01 15:04:33.245624
"
Fresh Baby Arugula	",https://udel.campusdish.com/LocationsAndMenus/CaesarRodneyFreshFoodCompany?locationId=1729&storeIds=&mode=Daily&periodId=1383&date=10%2F1%2F2021,2021-10-01 15:04:33.245624
Kale Greens Mix,https://udel.campusdish.com/LocationsAndMenus/CaesarRodneyFreshFoodCompany?locationId=1729&storeIds=&mode=Daily&periodId=1383&date=10%2F1%2F2021,2021-10-01 15:04:33.245624
Roasted Corn,https://udel.campusdish.com/LocationsAndMenus/CaesarRodneyFreshFoodCompany?locationId=1729&storeIds=&mode=Daily&periodId=1383&date=10%2F1%2F2021,2021-10-01 15:04:33.245624
Balsamic Vinaigrette,https://udel.campusdish.com/LocationsAndMenus/CaesarRodneyFreshFoodCompany?locationId=1729&storeIds=&mode=Daily&periodId=1383&date=10%2F1%2F2021,2021-10-01 15:04:33.245624
Creamy Caesar Dressing,https://udel.campusdish.com/LocationsAndMenus/CaesarRodneyFreshFoodCompany?locationId=1729&storeIds=&mode=Daily&periodId=1383&date=10%2F1%2F2021,2021-10-01 15:04:33.245624
Fat-Free French Dressing,https://udel.campusdish.com/LocationsAndMenus/CaesarRodneyFreshFoodCompany?locationId=1729&storeIds=&mode=Daily&periodId=1383&date=10%2F1%2F2021,2021-10-01 15:04:33.245624
Ranch Dressing,https://udel.campusdish.com/LocationsAndMenus/CaesarRodneyFreshFoodCompany?locationId=1729&storeIds=&mode=Daily&periodId=1383&date=10%2F1%2F2021,2021-10-01 15:04:33.245624
Honey Balsamic Glaze,https://udel.campusdish.com/LocationsAndMenus/CaesarRodneyFreshFoodCompany?locationId=1729&storeIds=&mode=Daily&periodId=1383&date=10%2F1%2F2021,2021-10-01 15:04:33.245624
Coconut & Ginger Dressing,https://udel.campusdish.com/LocationsAndMenus/CaesarRodneyFreshFoodCompany?locationId=1729&storeIds=&mode=Daily&periodId=1383&date=10%2F1%2F2021,2021-10-01 15:04:33.245624
Sun-Dried Tomato Vinaigrette,https://udel.campusdish.com/LocationsAndMenus/CaesarRodneyFreshFoodCompany?locationId=1729&storeIds=&mode=Daily&periodId=1383&date=10%2F1%2F2021,2021-10-01 15:04:33.245624
Asian Chicken Petite Ciabatta,https://udel.campusdish.com/LocationsAndMenus/CaesarRodneyFreshFoodCompany?locationId=1729&storeIds=&mode=Daily&periodId=1383&date=10%2F1%2F2021,2021-10-01 15:04:33.245624
Grilled Zucchini Squash,https://udel.campusdish.com/LocationsAndMenus/CaesarRodneyFreshFoodCompany?locationId=1729&storeIds=&mode=Daily&periodId=1383&date=10%2F1%2F2021,2021-10-01 15:04:33.245624
Penne,https://udel.campusdish.com/LocationsAndMenus/CaesarRodneyFreshFoodCompany?locationId=1729&storeIds=&mode=Daily&periodId=1383&date=10%2F1%2F2021,2021-10-01 15:04:33.245624
Grilled Zucchini Squash,https://udel.campusdish.com/LocationsAndMenus/CaesarRodneyFreshFoodCompany?locationId=1729&storeIds=&mode=Daily&periodId=1383&date=10%2F1%2F2021,2021-10-01 15:04:33.245624
Garbanzo Bean Salad,https://udel.campusdish.com/LocationsAndMenus/CaesarRodneyFreshFoodCompany?locationId=1729&storeIds=&mode=Daily&periodId=1383&date=10%2F1%2F2021,2021-10-01 15:04:33.245624
Marinated Green Beans & Tomato,https://udel.campusdish.com/LocationsAndMenus/CaesarRodneyFreshFoodCompany?locationId=1729&storeIds=&mode=Daily&periodId=1383&date=10%2F1%2F2021,2021-10-01 15:04:33.245624
Citrus Water,https://udel.campusdish.com/LocationsAndMenus/CaesarRodneyFreshFoodCompany?locationId=1729&storeIds=&mode=Daily&periodId=1383&date=10%2F1%2F2021,2021-10-01 15:04:33.245624
Tropical Iced Tea,https://udel.campusdish.com/LocationsAndMenus/CaesarRodneyFreshFoodCompany?locationId=1729&storeIds=&mode=Daily&periodId=1383&date=10%2F1%2F2021,2021-10-01 15:04:33.245624
Chopped Hard-Cooked Egg,https://udel.campusdish.com/LocationsAndMenus/CaesarRodneyFreshFoodCompany?locationId=1729&storeIds=&mode=Daily&periodId=1383&date=10%2F1%2F2021,2021-10-01 15:04:33.245624
Cottage Cheese,https://udel.campusdish.com/LocationsAndMenus/CaesarRodneyFreshFoodCompany?locationId=1729&storeIds=&mode=Daily&periodId=1383&date=10%2F1%2F2021,2021-10-01 15:04:33.245624
Diced Chicken,https://udel.campusdish.com/LocationsAndMenus/CaesarRodneyFreshFoodCompany?locationId=1729&storeIds=&mode=Daily&periodId=1383&date=10%2F1%2F2021,2021-10-01 15:04:33.245624
Feta Cheese Crumbles,https://udel.campusdish.com/LocationsAndMenus/CaesarRodneyFreshFoodCompany?locationId=1729&storeIds=&mode=Daily&periodId=1383&date=10%2F1%2F2021,2021-10-01 15:04:33.245624
Nonfat Greek Yogurt,https://udel.campusdish.com/LocationsAndMenus/CaesarRodneyFreshFoodCompany?locationId=1729&storeIds=&mode=Daily&periodId=1383&date=10%2F1%2F2021,2021-10-01 15:04:33.245624
Nonfat Strawberry Yogurt,https://udel.campusdish.com/LocationsAndMenus/CaesarRodneyFreshFoodCompany?locationId=1729&storeIds=&mode=Daily&periodId=1383&date=10%2F1%2F2021,2021-10-01 15:04:33.245624
Shredded Cheddar Cheese,https://udel.campusdish.com/LocationsAndMenus/CaesarRodneyFreshFoodCompany?locationId=1729&storeIds=&mode=Daily&periodId=1383&date=10%2F1%2F2021,2021-10-01 15:04:33.245624
Bulgur Wheat,https://udel.campusdish.com/LocationsAndMenus/CaesarRodneyFreshFoodCompany?locationId=1729&storeIds=&mode=Daily&periodId=1383&date=10%2F1%2F2021,2021-10-01 15:04:33.245624
Granola,https://udel.campusdish.com/LocationsAndMenus/CaesarRodneyFreshFoodCompany?locationId=1729&storeIds=&mode=Daily&periodId=1383&date=10%2F1%2F2021,2021-10-01 15:04:33.245624
Applesauce,https://udel.campusdish.com/LocationsAndMenus/CaesarRodneyFreshFoodCompany?locationId=1729&storeIds=&mode=Daily&periodId=1383&date=10%2F1%2F2021,2021-10-01 15:04:33.245624
Black Olives,https://udel.campusdish.com/LocationsAndMenus/CaesarRodneyFreshFoodCompany?locationId=1729&storeIds=&mode=Daily&periodId=1383&date=10%2F1%2F2021,2021-10-01 15:04:33.245624
"
Blueberries	",https://udel.campusdish.com/LocationsAndMenus/CaesarRodneyFreshFoodCompany?locationId=1729&storeIds=&mode=Daily&periodId=1383&date=10%2F1%2F2021,2021-10-01 15:04:33.245624
Broccoli Florets,https://udel.campusdish.com/LocationsAndMenus/CaesarRodneyFreshFoodCompany?locationId=1729&storeIds=&mode=Daily&periodId=1383&date=10%2F1%2F2021,2021-10-01 15:04:33.245624
Cantaloupe,https://udel.campusdish.com/LocationsAndMenus/CaesarRodneyFreshFoodCompany?locationId=1729&storeIds=&mode=Daily&periodId=1383&date=10%2F1%2F2021,2021-10-01 15:04:33.245624
Cauliflower Florets,https://udel.campusdish.com/LocationsAndMenus/CaesarRodneyFreshFoodCompany?locationId=1729&storeIds=&mode=Daily&periodId=1383&date=10%2F1%2F2021,2021-10-01 15:04:33.245624
Chopped Fresh Spinach,https://udel.campusdish.com/LocationsAndMenus/CaesarRodneyFreshFoodCompany?locationId=1729&storeIds=&mode=Daily&periodId=1383&date=10%2F1%2F2021,2021-10-01 15:04:33.245624
Cucumbers,https://udel.campusdish.com/LocationsAndMenus/CaesarRodneyFreshFoodCompany?locationId=1729&storeIds=&mode=Daily&periodId=1383&date=10%2F1%2F2021,2021-10-01 15:04:33.245624
Dried Cranberries,https://udel.campusdish.com/LocationsAndMenus/CaesarRodneyFreshFoodCompany?locationId=1729&storeIds=&mode=Daily&periodId=1383&date=10%2F1%2F2021,2021-10-01 15:04:33.245624
Garbanzo Beans,https://udel.campusdish.com/LocationsAndMenus/CaesarRodneyFreshFoodCompany?locationId=1729&storeIds=&mode=Daily&periodId=1383&date=10%2F1%2F2021,2021-10-01 15:04:33.245624
Grape Tomatoes,https://udel.campusdish.com/LocationsAndMenus/CaesarRodneyFreshFoodCompany?locationId=1729&storeIds=&mode=Daily&periodId=1383&date=10%2F1%2F2021,2021-10-01 15:04:33.245624
Green Peas,https://udel.campusdish.com/LocationsAndMenus/CaesarRodneyFreshFoodCompany?locationId=1729&storeIds=&mode=Daily&periodId=1383&date=10%2F1%2F2021,2021-10-01 15:04:33.245624
Honeydew Melon,https://udel.campusdish.com/LocationsAndMenus/CaesarRodneyFreshFoodCompany?locationId=1729&storeIds=&mode=Daily&periodId=1383&date=10%2F1%2F2021,2021-10-01 15:04:33.245624
Pineapple Chunks,https://udel.campusdish.com/LocationsAndMenus/CaesarRodneyFreshFoodCompany?locationId=1729&storeIds=&mode=Daily&periodId=1383&date=10%2F1%2F2021,2021-10-01 15:04:33.245624
"
Pineapple Slices	",https://udel.campusdish.com/LocationsAndMenus/CaesarRodneyFreshFoodCompany?locationId=1729&storeIds=&mode=Daily&periodId=1383&date=10%2F1%2F2021,2021-10-01 15:04:33.245624
Raisins,https://udel.campusdish.com/LocationsAndMenus/CaesarRodneyFreshFoodCompany?locationId=1729&storeIds=&mode=Daily&periodId=1383&date=10%2F1%2F2021,2021-10-01 15:04:33.245624
Red Grapes,https://udel.campusdish.com/LocationsAndMenus/CaesarRodneyFreshFoodCompany?locationId=1729&storeIds=&mode=Daily&periodId=1383&date=10%2F1%2F2021,2021-10-01 15:04:33.245624
Romaine Lettuce,https://udel.campusdish.com/LocationsAndMenus/CaesarRodneyFreshFoodCompany?locationId=1729&storeIds=&mode=Daily&periodId=1383&date=10%2F1%2F2021,2021-10-01 15:04:33.245624
Shredded Carrots,https://udel.campusdish.com/LocationsAndMenus/CaesarRodneyFreshFoodCompany?locationId=1729&storeIds=&mode=Daily&periodId=1383&date=10%2F1%2F2021,2021-10-01 15:04:33.245624
Sliced Beets,https://udel.campusdish.com/LocationsAndMenus/CaesarRodneyFreshFoodCompany?locationId=1729&storeIds=&mode=Daily&periodId=1383&date=10%2F1%2F2021,2021-10-01 15:04:33.245624
Sliced Mixed Bell Peppers,https://udel.campusdish.com/LocationsAndMenus/CaesarRodneyFreshFoodCompany?locationId=1729&storeIds=&mode=Daily&periodId=1383&date=10%2F1%2F2021,2021-10-01 15:04:33.245624
Sliced Mushrooms,https://udel.campusdish.com/LocationsAndMenus/CaesarRodneyFreshFoodCompany?locationId=1729&storeIds=&mode=Daily&periodId=1383&date=10%2F1%2F2021,2021-10-01 15:04:33.245624
Sliced Red Onions,https://udel.campusdish.com/LocationsAndMenus/CaesarRodneyFreshFoodCompany?locationId=1729&storeIds=&mode=Daily&periodId=1383&date=10%2F1%2F2021,2021-10-01 15:04:33.245624
Spring Salad Mix,https://udel.campusdish.com/LocationsAndMenus/CaesarRodneyFreshFoodCompany?locationId=1729&storeIds=&mode=Daily&periodId=1383&date=10%2F1%2F2021,2021-10-01 15:04:33.245624
"
Chocolate Chips	",https://udel.campusdish.com/LocationsAndMenus/CaesarRodneyFreshFoodCompany?locationId=1729&storeIds=&mode=Daily&periodId=1383&date=10%2F1%2F2021,2021-10-01 15:04:33.245624
Balsamic Vinaigrette,https://udel.campusdish.com/LocationsAndMenus/CaesarRodneyFreshFoodCompany?locationId=1729&storeIds=&mode=Daily&periodId=1383&date=10%2F1%2F2021,2021-10-01 15:04:33.245624
Creamy Caesar Dressing,https://udel.campusdish.com/LocationsAndMenus/CaesarRodneyFreshFoodCompany?locationId=1729&storeIds=&mode=Daily&periodId=1383&date=10%2F1%2F2021,2021-10-01 15:04:33.245624
Fat-Free French Dressing,https://udel.campusdish.com/LocationsAndMenus/CaesarRodneyFreshFoodCompany?locationId=1729&storeIds=&mode=Daily&periodId=1383&date=10%2F1%2F2021,2021-10-01 15:04:33.245624
Honey Mustard Dressing,https://udel.campusdish.com/LocationsAndMenus/CaesarRodneyFreshFoodCompany?locationId=1729&storeIds=&mode=Daily&periodId=1383&date=10%2F1%2F2021,2021-10-01 15:04:33.245624
Ranch Dressing,https://udel.campusdish.com/LocationsAndMenus/CaesarRodneyFreshFoodCompany?locationId=1729&storeIds=&mode=Daily&periodId=1383&date=10%2F1%2F2021,2021-10-01 15:04:33.245624
Vegan Thousand Island Dressing,https://udel.campusdish.com/LocationsAndMenus/CaesarRodneyFreshFoodCompany?locationId=1729&storeIds=&mode=Daily&periodId=1383&date=10%2F1%2F2021,2021-10-01 15:04:33.245624
Baked Penne with Meatballs,https://udel.campusdish.com/LocationsAndMenus/CaesarRodneyFreshFoodCompany?locationId=1729&storeIds=&mode=Daily&periodId=1383&date=10%2F1%2F2021,2021-10-01 15:04:33.245624
Cauliflower Crust Cheeseburger Pizza,https://udel.campusdish.com/LocationsAndMenus/CaesarRodneyFreshFoodCompany?locationId=1729&storeIds=&mode=Daily&periodId=1383&date=10%2F1%2F2021,2021-10-01 15:04:33.245624
Classic Cheese Pizza,https://udel.campusdish.com/LocationsAndMenus/CaesarRodneyFreshFoodCompany?locationId=1729&storeIds=&mode=Daily&periodId=1383&date=10%2F1%2F2021,2021-10-01 15:04:33.245624
Fresh Garden Salad,https://udel.campusdish.com/LocationsAndMenus/CaesarRodneyFreshFoodCompany?locationId=1729&storeIds=&mode=Daily&periodId=1383&date=10%2F1%2F2021,2021-10-01 15:04:33.245624
Beef Teriyaki,https://udel.campusdish.com/LocationsAndMenus/CaesarRodneyFreshFoodCompany?locationId=1729&storeIds=&mode=Daily&periodId=1383&date=10%2F1%2F2021,2021-10-01 15:04:33.245624
White Rice,https://udel.campusdish.com/LocationsAndMenus/CaesarRodneyFreshFoodCompany?locationId=1729&storeIds=&mode=Daily&periodId=1383&date=10%2F1%2F2021,2021-10-01 15:04:33.245624
Fortune Cookie,https://udel.campusdish.com/LocationsAndMenus/CaesarRodneyFreshFoodCompany?locationId=1729&storeIds=&mode=Daily&periodId=1383&date=10%2F1%2F2021,2021-10-01 15:04:33.245624
Penne,https://udel.campusdish.com/LocationsAndMenus/CaesarRodneyFreshFoodCompany?locationId=1729&storeIds=&mode=Daily&periodId=1383&date=10%2F1%2F2021,2021-10-01 15:04:33.245624
Ranch Panko Crusted Chicken Breast,https://udel.campusdish.com/LocationsAndMenus/CaesarRodneyFreshFoodCompany?locationId=1729&storeIds=&mode=Daily&periodId=1383&date=10%2F1%2F2021,2021-10-01 15:04:33.245624
Capri Blend Vegetables,https://udel.campusdish.com/LocationsAndMenus/CaesarRodneyFreshFoodCompany?locationId=1729&storeIds=&mode=Daily&periodId=1383&date=10%2F1%2F2021,2021-10-01 15:04:33.245624
Broccoli Rabe with Garlic,https://udel.campusdish.com/LocationsAndMenus/CaesarRodneyFreshFoodCompany?locationId=1729&storeIds=&mode=Daily&periodId=1383&date=10%2F1%2F2021,2021-10-01 15:04:33.245624
Minestrone Soup,https://udel.campusdish.com/LocationsAndMenus/CaesarRodneyFreshFoodCompany?locationId=1729&storeIds=&mode=Daily&periodId=1383&date=10%2F1%2F2021,2021-10-01 15:04:33.245624
Broccoli Cheddar Soup,https://udel.campusdish.com/LocationsAndMenus/CaesarRodneyFreshFoodCompany?locationId=1729&storeIds=&mode=Daily&periodId=1383&date=10%2F1%2F2021,2021-10-01 15:04:33.245624
Spaghetti Sauce,https://udel.campusdish.com/LocationsAndMenus/CaesarRodneyFreshFoodCompany?locationId=1729&storeIds=&mode=Daily&periodId=1383&date=10%2F1%2F2021,2021-10-01 15:04:33.245624
Grilled Portobello Sandwich,https://udel.campusdish.com/LocationsAndMenus/CaesarRodneyFreshFoodCompany?locationId=1729&storeIds=&mode=Daily&periodId=1383&date=10%2F1%2F2021,2021-10-01 15:04:33.245624
Brown Lentil Dal,https://udel.campusdish.com/LocationsAndMenus/CaesarRodneyFreshFoodCompany?locationId=1729&storeIds=&mode=Daily&periodId=1383&date=10%2F1%2F2021,2021-10-01 15:04:33.245624
Yellow Basmati Rice,https://udel.campusdish.com/LocationsAndMenus/CaesarRodneyFreshFoodCompany?locationId=1729&storeIds=&mode=Daily&periodId=1383&date=10%2F1%2F2021,2021-10-01 15:04:33.245624
Steamed Summer Vegetable Blend,https://udel.campusdish.com/LocationsAndMenus/CaesarRodneyFreshFoodCompany?locationId=1729&storeIds=&mode=Daily&periodId=1383&date=10%2F1%2F2021,2021-10-01 15:04:33.245624
Deli Sandwich Made to Order,https://udel.campusdish.com/LocationsAndMenus/CaesarRodneyFreshFoodCompany?locationId=1729&storeIds=&mode=Daily&periodId=1383&date=10%2F1%2F2021,2021-10-01 15:04:33.245624
American Cheese,https://udel.campusdish.com/LocationsAndMenus/CaesarRodneyFreshFoodCompany?locationId=1729&storeIds=&mode=Daily&periodId=1383&date=10%2F1%2F2021,2021-10-01 15:04:33.245624
"
Corned Beef	",https://udel.campusdish.com/LocationsAndMenus/CaesarRodneyFreshFoodCompany?locationId=1729&storeIds=&mode=Daily&periodId=1383&date=10%2F1%2F2021,2021-10-01 15:04:33.245624
Ham,https://udel.campusdish.com/LocationsAndMenus/CaesarRodneyFreshFoodCompany?locationId=1729&storeIds=&mode=Daily&periodId=1383&date=10%2F1%2F2021,2021-10-01 15:04:33.245624
Provolone Cheese,https://udel.campusdish.com/LocationsAndMenus/CaesarRodneyFreshFoodCompany?locationId=1729&storeIds=&mode=Daily&periodId=1383&date=10%2F1%2F2021,2021-10-01 15:04:33.245624
Smoked Turkey Breast,https://udel.campusdish.com/LocationsAndMenus/CaesarRodneyFreshFoodCompany?locationId=1729&storeIds=&mode=Daily&periodId=1383&date=10%2F1%2F2021,2021-10-01 15:04:33.245624
Fruited Almond Chicken Salad,https://udel.campusdish.com/LocationsAndMenus/CaesarRodneyFreshFoodCompany?locationId=1729&storeIds=&mode=Daily&periodId=1383&date=10%2F1%2F2021,2021-10-01 15:04:33.245624
Green Leaf Lettuce,https://udel.campusdish.com/LocationsAndMenus/CaesarRodneyFreshFoodCompany?locationId=1729&storeIds=&mode=Daily&periodId=1383&date=10%2F1%2F2021,2021-10-01 15:04:33.245624
Red Grapes,https://udel.campusdish.com/LocationsAndMenus/CaesarRodneyFreshFoodCompany?locationId=1729&storeIds=&mode=Daily&periodId=1383&date=10%2F1%2F2021,2021-10-01 15:04:33.245624
Sliced Onions,https://udel.campusdish.com/LocationsAndMenus/CaesarRodneyFreshFoodCompany?locationId=1729&storeIds=&mode=Daily&periodId=1383&date=10%2F1%2F2021,2021-10-01 15:04:33.245624
Sliced Tomatoes,https://udel.campusdish.com/LocationsAndMenus/CaesarRodneyFreshFoodCompany?locationId=1729&storeIds=&mode=Daily&periodId=1383&date=10%2F1%2F2021,2021-10-01 15:04:33.245624
Dill Pickle Slices,https://udel.campusdish.com/LocationsAndMenus/CaesarRodneyFreshFoodCompany?locationId=1729&storeIds=&mode=Daily&periodId=1383&date=10%2F1%2F2021,2021-10-01 15:04:33.245624
Honey Mustard Dressing,https://udel.campusdish.com/LocationsAndMenus/CaesarRodneyFreshFoodCompany?locationId=1729&storeIds=&mode=Daily&periodId=1383&date=10%2F1%2F2021,2021-10-01 15:04:33.245624
Mayonnaise,https://udel.campusdish.com/LocationsAndMenus/CaesarRodneyFreshFoodCompany?locationId=1729&storeIds=&mode=Daily&periodId=1383&date=10%2F1%2F2021,2021-10-01 15:04:33.245624
